conferenceid;title
100001500;Ontology Learning and Population
100001501;Integrated Intelligent Systems for Engineering Design
100001502;Emerging Artificial Intelligence Applications in Computer Engineering
100001503;Handbook of Satisfiability
100001504;Computational Intelligence and Bioengineering
100001505;New Trends in Multimedia and Network Information Systems
100001506;Software Engineering: Evolution and Emerging Technologies
100001507;Secure Multi-Party Computation
100001508;Multi-objective Swarm Intelligence
100001509;Computational Intelligence and Efficiency in Engineering Systems
100001510;Formal Theories of Information
100001511;Next Frontier in Agent-Based Complex Automated Negotiation
100001512;Italian Natural Language Processing within the PARLI Project
100001513;Service Orientation in Holonic and Multi-agent Manufacturing
100001514;Recent Advances in Swarm Intelligence and Evolutionary Computation
100001515;Feature Selection for Data and Pattern Recognition
100001516;Software Engineering Research, Management and Applications
100001517;Industrial Conference on Data Mining
100001518;NooJ
100001519;Conference on Big Data
